Region,Departement,COM_ARRT_VILLE,COMMUNE,QUARTIER_VILLAGE_HAMEAU,CONCESSION,MENAGE,HOMMES,FEMMES,POPULATION
DIOURBEL,M’BACKE,MBACKE,MBACKE,"DAROU SALAM",2746,2885,13860,13929,27789
DIOURBEL,M’BACKE,MBACKE,MBACKE,"MBACKE KHEWAR",3456,3843,18706,19158,37864
DIOURBEL,M’BACKE,MBACKE,MBACKE,"MBACKE MOURIDE",217,250,1189,1432,2621
DIOURBEL,M’BACKE,MBACKE,MBACKE,"MBACKE NDIMBE (MBACKE)",1183,1459,6091,6740,12831
DIOURBEL,M’BACKE,MBACKE,MBACKE,NDOYENE,275,312,1711,1958,3669
DIOURBEL,M’BACKE,MBACKE,MBACKE,"PALENE (MBACKE BARRY)",1603,1839,7812,8865,16677
DIOURBEL,M’BACKE,KAEL,"DENDEYE GOUY GUI","BATHIE ROYE",5,6,26,35,61
DIOURBEL,M’BACKE,KAEL,"DENDEYE GOUY GUI","DENDEYE ESCALE",79,82,421,443,864
DIOURBEL,M’BACKE,KAEL,"DENDEYE GOUY GUI","DENDEYE 2 WOLOF",15,15,91,64,155
DIOURBEL,M’BACKE,KAEL,"DENDEYE GOUY GUI","DENDEYE PEULH",8,10,70,44,114
DIOURBEL,M’BACKE,KAEL,"DENDEYE GOUY GUI","GOUYE GUI",35,42,264,233,497
DIOURBEL,M’BACKE,KAEL,"DENDEYE GOUY GUI","H1 BELELE MBABA",4,4,38,39,77
DIOURBEL,M’BACKE,KAEL,"DENDEYE GOUY GUI","H2 BERE",2,4,15,9,24
DIOURBEL,M’BACKE,KAEL,"DENDEYE GOUY GUI","H3 KEUR MOR SARR",4,4,33,22,55
DIOURBEL,M’BACKE,KAEL,"DENDEYE GOUY GUI","H4 KEUR BANDJIRY KA",6,6,28,21,49
DIOURBEL,M’BACKE,KAEL,"DENDEYE GOUY GUI","KELEL CONTOR",4,4,21,25,46
DIOURBEL,M’BACKE,KAEL,"DENDEYE GOUY GUI","H2 KEUR ALIOU KA",2,2,35,31,66
DIOURBEL,M’BACKE,KAEL,"DENDEYE GOUY GUI","KEUR CHEIKH DIOP",16,25,130,144,274
DIOURBEL,M’BACKE,KAEL,"DENDEYE GOUY GUI","KEUR MABALY SENE",7,7,37,36,73
DIOURBEL,M’BACKE,KAEL,"DENDEYE GOUY GUI","KEUR MAR BOYE",3,3,12,6,18
DIOURBEL,M’BACKE,KAEL,"DENDEYE GOUY GUI","KEUR MAR NDIAYE",6,11,89,71,160
DIOURBEL,M’BACKE,KAEL,"DENDEYE GOUY GUI","KEUR SOULEYE DIAGNE",5,5,41,14,55
DIOURBEL,M’BACKE,KAEL,"DENDEYE GOUY GUI","H1 KEUR DJIBY YADE",5,5,47,39,86
DIOURBEL,M’BACKE,KAEL,"DENDEYE GOUY GUI","KEUR YORO NDIAYE",2,4,33,36,69
DIOURBEL,M’BACKE,KAEL,"DENDEYE GOUY GUI",NDIAMBOUL,2,4,17,25,42
DIOURBEL,M’BACKE,KAEL,"DENDEYE GOUY GUI","NDIAWALDY 1",10,10,74,48,122
DIOURBEL,M’BACKE,KAEL,"DENDEYE GOUY GUI","NDIAWALDY 2",16,21,130,125,255
DIOURBEL,M’BACKE,KAEL,"DENDEYE GOUY GUI","H1 KEUR MALICK",6,6,59,37,96
DIOURBEL,M’BACKE,KAEL,"DENDEYE GOUY GUI",NDIOLOFFENE,75,109,700,687,1387
DIOURBEL,M’BACKE,KAEL,"DENDEYE GOUY GUI",NGUERANE,28,48,299,256,555
DIOURBEL,M’BACKE,KAEL,"DENDEYE GOUY GUI",NIANGHENE,16,16,111,101,212
DIOURBEL,M’BACKE,KAEL,"DENDEYE GOUY GUI","OURO DIOUMA DIADJI",5,8,49,40,89
DIOURBEL,M’BACKE,KAEL,"DENDEYE GOUY GUI","OURO DIOUMA MBISSANE",6,6,23,23,46
DIOURBEL,M’BACKE,KAEL,"DENDEYE GOUY GUI","OUROUR NDIAWALDY",2,4,16,10,26
DIOURBEL,M’BACKE,KAEL,"DENDEYE GOUY GUI",PADE,38,57,300,327,627
DIOURBEL,M’BACKE,KAEL,"DENDEYE GOUY GUI","SAME CONTOR",29,35,181,200,381
DIOURBEL,M’BACKE,KAEL,"DENDEYE GOUY GUI","H1 DAROU NDIAYE KEUR MOR THIAMA",3,4,40,12,52
DIOURBEL,M’BACKE,KAEL,"DENDEYE GOUY GUI","H2 MBODIENE SOUF",2,2,11,7,18
DIOURBEL,M’BACKE,KAEL,"DENDEYE GOUY GUI","H3 MBODIENE KAO",6,9,60,28,88
DIOURBEL,M’BACKE,KAEL,"DENDEYE GOUY GUI","H3 KEUR ATIM",6,6,41,37,78
DIOURBEL,M’BACKE,KAEL,"DENDEYE GOUY GUI","TOUBA NGOUNDIOURA",15,15,102,93,195
DIOURBEL,M’BACKE,KAEL,"DENDEYE GOUY GUI",WEYNDOULERY,3,5,32,17,49
DIOURBEL,M’BACKE,KAEL,"DAROU SALAM TYP","BOUSTANE MBACKE",33,36,236,225,461
DIOURBEL,M’BACKE,KAEL,"DAROU SALAM TYP","H2 KEUR MODOU KAMA",6,13,72,72,144
DIOURBEL,M’BACKE,KAEL,"DAROU SALAM TYP","DAROU GUEYE",42,48,244,202,446
DIOURBEL,M’BACKE,KAEL,"DAROU SALAM TYP","H2 GANDE ET GANA NIANG",10,28,193,148,341
DIOURBEL,M’BACKE,KAEL,"DAROU SALAM TYP","H3 KEUR AMATH KA",4,12,81,51,132
DIOURBEL,M’BACKE,KAEL,"DAROU SALAM TYP","H5 KEUR MBAYE NIANG",2,5,20,24,44
DIOURBEL,M’BACKE,KAEL,"DAROU SALAM TYP","DAROU MARNANE",7,13,103,96,199
DIOURBEL,M’BACKE,KAEL,"DAROU SALAM TYP","H2 TAWFEKH DAROU MARNANE",10,23,182,145,327
DIOURBEL,M’BACKE,KAEL,"DAROU SALAM TYP","DAROU SALAM TYP",98,108,687,642,1329
DIOURBEL,M’BACKE,KAEL,"DAROU SALAM TYP","H1 DAARA MOUNTAKHA BASSIROU MBACKE",1,1,64,0,64
DIOURBEL,M’BACKE,KAEL,"DAROU SALAM TYP","H2 MBELOGNE GALLELE 1 ET 2",5,14,59,70,129
DIOURBEL,M’BACKE,KAEL,"DAROU SALAM TYP","H3 TEWEL",11,15,78,60,138
DIOURBEL,M’BACKE,KAEL,"DAROU SALAM TYP","H4 KEUR AMADOU BOSSO KA",5,8,76,55,131
DIOURBEL,M’BACKE,KAEL,"DAROU SALAM TYP","H5 KEUR MBAYE FALL TINE",2,2,12,9,21
DIOURBEL,M’BACKE,KAEL,"DAROU SALAM TYP","H6 MBOFY",14,26,203,154,357
DIOURBEL,M’BACKE,KAEL,"DAROU SALAM TYP","NASROU KEUR DIOMBO (NDOURENE)",45,55,414,344,758
DIOURBEL,M’BACKE,KAEL,"DAROU SALAM TYP","H1 KEUR BASSIROU NIANG",4,7,35,24,59
DIOURBEL,M’BACKE,KAEL,"DAROU SALAM TYP","H2 KEUR SOUDOU PELOKH DIOME",20,27,200,129,329
DIOURBEL,M’BACKE,KAEL,"DAROU SALAM TYP","NASROU MBACKE",45,50,375,276,651
DIOURBEL,M’BACKE,KAEL,"DAROU SALAM TYP","H1 MEDINA SALAM",8,8,54,36,90
DIOURBEL,M’BACKE,KAEL,"DAROU SALAM TYP","TAWFEKH KHAYGA",15,16,79,59,138
DIOURBEL,M’BACKE,KAEL,"DAROU SALAM TYP","H2 KEUR SAMBA FAYE",4,13,106,66,172
DIOURBEL,M’BACKE,KAEL,"DAROU SALAM TYP","H3 KEUR SAMBA MBAYE",13,25,170,132,302
DIOURBEL,M’BACKE,KAEL,"DAROU SALAM TYP","H4 NGUINDE",5,7,51,46,97
DIOURBEL,M’BACKE,KAEL,"DAROU SALAM TYP","H5 KEUR DIAB DIOME",18,23,137,150,287
DIOURBEL,M’BACKE,KAEL,"DAROU SALAM TYP","TEWEL (KEUR MASSEYE)",7,8,74,25,99
DIOURBEL,M’BACKE,KAEL,KAEL,"AFFE KAEL",6,8,78,61,139
DIOURBEL,M’BACKE,KAEL,KAEL,CONTOR,24,42,288,275,563
DIOURBEL,M’BACKE,KAEL,KAEL,"H1 HAMED NGIWEL",12,17,76,49,125
DIOURBEL,M’BACKE,KAEL,KAEL,"CONTOR 2 (NGUESS BOGEL)",11,18,141,114,255
DIOURBEL,M’BACKE,KAEL,KAEL,"DAROU GUEYE",1,1,9,2,11
DIOURBEL,M’BACKE,KAEL,KAEL,"DAROU MBAYENE",11,14,85,114,199
DIOURBEL,M’BACKE,KAEL,KAEL,"DAROU SALAM KAEL",5,5,44,6,50
DIOURBEL,M’BACKE,KAEL,KAEL,"DAROU WAHAB",17,18,58,57,115
DIOURBEL,M’BACKE,KAEL,KAEL,"DIABY (BOULEL)",3,10,50,52,102
DIOURBEL,M’BACKE,KAEL,KAEL,"DIROYE 1",6,8,50,62,112
DIOURBEL,M’BACKE,KAEL,KAEL,"DIROYE 2",9,12,80,81,161
DIOURBEL,M’BACKE,KAEL,KAEL,"FASS KAEL",15,20,154,167,321
DIOURBEL,M’BACKE,KAEL,KAEL,"H1 KEUR DIAM BOULO",1,1,9,9,18
DIOURBEL,M’BACKE,KAEL,KAEL,"GOUBE 1",3,3,35,26,61
DIOURBEL,M’BACKE,KAEL,KAEL,"GOUBE 2",3,4,27,18,45
DIOURBEL,M’BACKE,KAEL,KAEL,"LALOYE FONDE 1",2,2,14,17,31
DIOURBEL,M’BACKE,KAEL,KAEL,"H1 MBAMBADO",1,6,25,23,48
DIOURBEL,M’BACKE,KAEL,KAEL,"LALOYE FONDE 2",3,3,29,13,42
DIOURBEL,M’BACKE,KAEL,KAEL,"H1 BELELE DIABE",4,6,37,35,72
DIOURBEL,M’BACKE,KAEL,KAEL,"LAMA 1",3,3,12,10,22
DIOURBEL,M’BACKE,KAEL,KAEL,"H1 KEUR SEYDOU BA",8,12,86,92,178
DIOURBEL,M’BACKE,KAEL,KAEL,"H2 THIOGO",11,14,120,120,240
DIOURBEL,M’BACKE,KAEL,KAEL,"LAMA 2",4,4,34,37,71
DIOURBEL,M’BACKE,KAEL,KAEL,"H1 HAMET (KEUR SERIGNE BA)",1,1,5,13,18
DIOURBEL,M’BACKE,KAEL,KAEL,"MAGOUMBA NDAO",1,1,5,7,12
DIOURBEL,M’BACKE,KAEL,KAEL,"MAKA KAEL",74,75,420,389,809
DIOURBEL,M’BACKE,KAEL,KAEL,"H2 BOKI TOKI",8,20,145,156,301
DIOURBEL,M’BACKE,KAEL,KAEL,"H3 DAARA SERIGNE CHEIKH MBACKE",1,2,19,0,19
DIOURBEL,M’BACKE,KAEL,KAEL,"H4 FORAGE LAMA",12,32,225,191,416
DIOURBEL,M’BACKE,KAEL,KAEL,"H5 LANDAGOL",2,2,9,7,16
DIOURBEL,M’BACKE,KAEL,KAEL,"H6 NDINDE",1,1,13,7,20
DIOURBEL,M’BACKE,KAEL,KAEL,"H7 THIEWA",3,7,40,39,79
DIOURBEL,M’BACKE,KAEL,KAEL,"MBAGNE SEO",1,1,4,7,11
DIOURBEL,M’BACKE,KAEL,KAEL,"MBANAMY 1",11,13,77,73,150
DIOURBEL,M’BACKE,KAEL,KAEL,"H1 GOUNODE",4,5,22,33,55
DIOURBEL,M’BACKE,KAEL,KAEL,"MBANAMY 2",12,12,68,71,139
DIOURBEL,M’BACKE,KAEL,KAEL,"H2 KANDYSSADA",1,2,29,12,41
DIOURBEL,M’BACKE,KAEL,KAEL,"MBANDY PEULH",11,12,102,40,142
DIOURBEL,M’BACKE,KAEL,KAEL,"NDAM KAEL",5,5,20,16,36
DIOURBEL,M’BACKE,KAEL,KAEL,"H1 BOUNDOU BIRASSI",6,10,48,46,94
DIOURBEL,M’BACKE,KAEL,KAEL,NGASSAMA,3,5,22,12,34
DIOURBEL,M’BACKE,KAEL,KAEL,"H1 NDEMENE",1,1,16,13,29
DIOURBEL,M’BACKE,KAEL,KAEL,"NIOL NGUEL",9,16,79,97,176
DIOURBEL,M’BACKE,KAEL,KAEL,SAMTHIALLE,47,57,377,301,678
DIOURBEL,M’BACKE,KAEL,KAEL,THIENENE,10,14,96,85,181
DIOURBEL,M’BACKE,KAEL,KAEL,"TOUBA DABEL",2,2,53,0,53
DIOURBEL,M’BACKE,KAEL,KAEL,"TOUBA KAEL",11,12,66,82,148
DIOURBEL,M’BACKE,KAEL,KAEL,"H2 DIAMWELLY",1,1,6,0,6
DIOURBEL,M’BACKE,KAEL,KAEL,"H3 THIAMENE",1,1,9,2,11
DIOURBEL,M’BACKE,KAEL,KAEL,"H4 NDIA",1,2,8,3,11
DIOURBEL,M’BACKE,KAEL,KAEL,"TOUBA KAEL PEULH",4,5,23,34,57
DIOURBEL,M’BACKE,KAEL,KAEL,"TYPE SAMBA",30,43,223,198,421
DIOURBEL,M’BACKE,KAEL,MADINA,"BOBY KANDJI",33,35,180,272,452
DIOURBEL,M’BACKE,KAEL,MADINA,"BOBY MBACKE",27,27,127,115,242
DIOURBEL,M’BACKE,KAEL,MADINA,BOURSAKH,12,20,103,93,196
DIOURBEL,M’BACKE,KAEL,MADINA,"DAROU NAHIM",3,3,12,11,23
DIOURBEL,M’BACKE,KAEL,MADINA,DIOUROUL,10,11,56,42,98
DIOURBEL,M’BACKE,KAEL,MADINA,"H1 KEUR SADIBOU KA",2,2,16,13,29
DIOURBEL,M’BACKE,KAEL,MADINA,"GADIEDJI PEULH",8,9,65,67,132
DIOURBEL,M’BACKE,KAEL,MADINA,"GADIEDJI OUOLOF",11,13,93,67,160
DIOURBEL,M’BACKE,KAEL,MADINA,GRINIEL,49,60,378,359,737
DIOURBEL,M’BACKE,KAEL,MADINA,MADINA,82,96,627,595,1222
DIOURBEL,M’BACKE,KAEL,MADINA,"H3 KADOUYEL 1",9,13,64,48,112
DIOURBEL,M’BACKE,KAEL,MADINA,"H4 DAROU RAHMANE",17,21,113,80,193
DIOURBEL,M’BACKE,KAEL,MADINA,"H5 RASS OUOLOF ET RASS PEULH",16,28,172,150,322
DIOURBEL,M’BACKE,KAEL,MADINA,"H6 KADOUYEL 2",20,31,162,101,263
DIOURBEL,M’BACKE,KAEL,MADINA,"H7 BELELE OGO",2,3,18,10,28
DIOURBEL,M’BACKE,KAEL,MADINA,"H9 DAGANABE 1",9,11,74,77,151
DIOURBEL,M’BACKE,KAEL,MADINA,"H10 DAGANABE 2",3,3,12,27,39
DIOURBEL,M’BACKE,KAEL,MADINA,"H11 LEYENE",12,16,85,73,158
DIOURBEL,M’BACKE,KAEL,MADINA,"H12 SOPADE",5,6,55,47,102
DIOURBEL,M’BACKE,KAEL,MADINA,MBAYENE,15,18,91,110,201
DIOURBEL,M’BACKE,KAEL,MADINA,"H1 KEUR YORO BA",5,5,37,27,64
DIOURBEL,M’BACKE,KAEL,MADINA,"H2 NIBANE ET BANE",7,9,58,60,118
DIOURBEL,M’BACKE,KAEL,MADINA,NDOCK,91,94,591,558,1149
DIOURBEL,M’BACKE,KAEL,MADINA,"H2 KEUR SERIGNE CHEIKH MBACKE",1,1,9,0,9
DIOURBEL,M’BACKE,KAEL,MADINA,"H3 KEUR SERIGNE MBACKE ASTOU",1,2,27,11,38
DIOURBEL,M’BACKE,KAEL,MADINA,NGASSAMA,46,63,477,461,938
DIOURBEL,M’BACKE,KAEL,MADINA,"TAW FEKH (DAROU MARNANE)",7,8,60,13,73
DIOURBEL,M’BACKE,KAEL,MADINA,THIENGOU,24,40,219,205,424
DIOURBEL,M’BACKE,KAEL,MADINA,"TOUBA YONGO",2,2,295,11,306
DIOURBEL,M’BACKE,KAEL,MADINA,"TOUNE MBARANY",14,34,166,107,273
DIOURBEL,M’BACKE,KAEL,MADINA,TYPNAR,20,31,180,158,338
DIOURBEL,M’BACKE,KAEL,MADINA,"H1 MBELOGNE SAMBA LOUMBEL",11,14,91,82,173
DIOURBEL,M’BACKE,KAEL,NDIOUMANE,"BAITY GUEYE",9,10,88,47,135
DIOURBEL,M’BACKE,KAEL,NDIOUMANE,"H1 KEUR MODOU MODOU POUYE",1,6,55,57,112
DIOURBEL,M’BACKE,KAEL,NDIOUMANE,"BOUSTANE DIAO (DIAWE)",15,15,60,63,123
DIOURBEL,M’BACKE,KAEL,NDIOUMANE,"DAROU NAHIM DIA",20,29,197,199,396
DIOURBEL,M’BACKE,KAEL,NDIOUMANE,"H1 DEPPE DE TAINABE",15,20,152,151,303
DIOURBEL,M’BACKE,KAEL,NDIOUMANE,"H3 KEUR NGOR",2,6,40,39,79
DIOURBEL,M’BACKE,KAEL,NDIOUMANE,DIOKANE,1,1,22,14,36
DIOURBEL,M’BACKE,KAEL,NDIOUMANE,"H1 KEUR NGOUYE SENE",4,8,53,55,108
DIOURBEL,M’BACKE,KAEL,NDIOUMANE,"H3 KEUR LIBASSE GNINGUE",1,2,15,15,30
DIOURBEL,M’BACKE,KAEL,NDIOUMANE,"DOYOLY 2",35,42,210,149,359
DIOURBEL,M’BACKE,KAEL,NDIOUMANE,"H1 KEUR SOUDOU FALL (THIERERE FALL)",7,8,85,78,163
DIOURBEL,M’BACKE,KAEL,NDIOUMANE,"H3 KEUR ABLAYE NDIAYE",3,3,13,17,30
DIOURBEL,M’BACKE,KAEL,NDIOUMANE,GAPASSE,9,18,107,127,234
DIOURBEL,M’BACKE,KAEL,NDIOUMANE,"GOUYE NDIAYE",1,1,2,0,2
DIOURBEL,M’BACKE,KAEL,NDIOUMANE,GOWE,5,7,46,43,89
DIOURBEL,M’BACKE,KAEL,NDIOUMANE,"H1 GOWE KEUR DALY NDIAYE",7,10,60,76,136
DIOURBEL,M’BACKE,KAEL,NDIOUMANE,"GUERALE 1",6,10,57,55,112
DIOURBEL,M’BACKE,KAEL,NDIOUMANE,"H1 NDIOUMANE PEULH",7,7,58,60,118
DIOURBEL,M’BACKE,KAEL,NDIOUMANE,"H2 SAFOUTE POUYE",1,3,30,33,63
DIOURBEL,M’BACKE,KAEL,NDIOUMANE,"H3 KEUR SADIOU KA SALL",2,2,13,12,25
DIOURBEL,M’BACKE,KAEL,NDIOUMANE,"KEUR MADJIEUMBA LO",6,7,46,47,93
DIOURBEL,M’BACKE,KAEL,NDIOUMANE,KOFFA,42,59,404,350,754
DIOURBEL,M’BACKE,KAEL,NDIOUMANE,"LOUMBEL NDOULO",3,4,22,17,39
DIOURBEL,M’BACKE,KAEL,NDIOUMANE,"H1 KEUR AMADOU BASS",3,4,19,8,27
DIOURBEL,M’BACKE,KAEL,NDIOUMANE,"MBACKE MBAYARD",8,8,53,63,116
DIOURBEL,M’BACKE,KAEL,NDIOUMANE,"MBAME PEULH",4,5,49,43,92
DIOURBEL,M’BACKE,KAEL,NDIOUMANE,NDIOUMANE,27,34,200,218,418
DIOURBEL,M’BACKE,KAEL,NDIOUMANE,"H1 KEUR GORY KA (NDIOUMANE PEULH)",2,2,14,10,24
DIOURBEL,M’BACKE,KAEL,NDIOUMANE,"H2 LAGAMBAL",16,21,199,183,382
DIOURBEL,M’BACKE,KAEL,NDIOUMANE,"H3 NDIOUMANE KEUR CHEIKH FATY",7,11,58,54,112
DIOURBEL,M’BACKE,KAEL,NDIOUMANE,"H5 DAARA SERIGNE SALIOU MBACKE",1,1,66,16,82
DIOURBEL,M’BACKE,KAEL,NDIOUMANE,"H6 KEUR WOULA FAYE",11,17,103,105,208
DIOURBEL,M’BACKE,KAEL,NDIOUMANE,"H7 NDIOUMANE SERERE",22,33,231,255,486
DIOURBEL,M’BACKE,KAEL,NDIOUMANE,"H8 DEGUE AISSA",3,5,48,45,93
DIOURBEL,M’BACKE,KAEL,NDIOUMANE,"H9 KEUR BASS TINE",4,6,45,35,80
DIOURBEL,M’BACKE,KAEL,NDIOUMANE,"H10 KEUR SALIOU DIAGNE",1,1,9,3,12
DIOURBEL,M’BACKE,KAEL,NDIOUMANE,"H11 KEUR MOR GUEYE NIANG",6,6,49,37,86
DIOURBEL,M’BACKE,KAEL,NDIOUMANE,"NGUIDIANE NDIAYE",7,15,115,131,246
DIOURBEL,M’BACKE,KAEL,NDIOUMANE,"H1 DAARA NGUIOUMANE",1,1,24,1,25
DIOURBEL,M’BACKE,KAEL,NDIOUMANE,"H2 GUERAL 2 (KEUR NDIANE POUYE)",13,20,131,130,261
DIOURBEL,M’BACKE,KAEL,NDIOUMANE,"NGUIDIANE SALL",12,21,141,129,270
DIOURBEL,M’BACKE,KAEL,NDIOUMANE,"YADOU KAEL (KEUR NGAGNE DIAGNE)",6,8,46,46,92
DIOURBEL,M’BACKE,KAEL,"TOUBA MBOUL","DIAWE SERERE",15,23,136,103,239
DIOURBEL,M’BACKE,KAEL,"TOUBA MBOUL","H1 KEUR ALASSANE DIABAYE",6,11,58,37,95
DIOURBEL,M’BACKE,KAEL,"TOUBA MBOUL","H2 KEUR NGOR SENE",5,8,51,33,84
DIOURBEL,M’BACKE,KAEL,"TOUBA MBOUL","H3 KEUR DALY FAYE",17,27,182,163,345
DIOURBEL,M’BACKE,KAEL,"TOUBA MBOUL","H5 KEUR AMATH DIOUF",8,14,81,72,153
DIOURBEL,M’BACKE,KAEL,"TOUBA MBOUL",KAMADOU,22,33,230,219,449
DIOURBEL,M’BACKE,KAEL,"TOUBA MBOUL","H2 KEUR WALY NDIAYE",2,6,39,29,68
DIOURBEL,M’BACKE,KAEL,"TOUBA MBOUL","H3 KEUR NGOR TINE",12,18,111,118,229
DIOURBEL,M’BACKE,KAEL,"TOUBA MBOUL","H4 KEUR BIRAME NGOM",2,7,72,61,133
DIOURBEL,M’BACKE,KAEL,"TOUBA MBOUL","H5 KEUR NDIOUGA DIAGNE",7,17,172,141,313
DIOURBEL,M’BACKE,KAEL,"TOUBA MBOUL","H6 KEUR MBAGNICK NDAO",3,11,97,92,189
DIOURBEL,M’BACKE,KAEL,"TOUBA MBOUL","KELEWE TEW SERERE",12,39,176,118,294
DIOURBEL,M’BACKE,KAEL,"TOUBA MBOUL","H1 KEUR NGAYO SECK",6,12,92,85,177
DIOURBEL,M’BACKE,KAEL,"TOUBA MBOUL","H2 BARKEYEL",1,6,29,15,44
DIOURBEL,M’BACKE,KAEL,"TOUBA MBOUL","H3 KEUR FAPP POUYE",6,7,63,56,119
DIOURBEL,M’BACKE,KAEL,"TOUBA MBOUL","H4 KEUR SAMBA NGOM",8,12,95,84,179
DIOURBEL,M’BACKE,KAEL,"TOUBA MBOUL","H5 KELEWTEW",5,5,47,33,80
DIOURBEL,M’BACKE,KAEL,"TOUBA MBOUL","KEUR MADIOP SERERE",90,108,709,627,1336
DIOURBEL,M’BACKE,KAEL,"TOUBA MBOUL","LAGANE MBACKE",5,6,37,26,63
DIOURBEL,M’BACKE,KAEL,"TOUBA MBOUL","H2 DARA LAGANE MBACKE",2,2,195,23,218
DIOURBEL,M’BACKE,KAEL,"TOUBA MBOUL","H3 KEUR SAMBA NIANG",1,2,16,23,39
DIOURBEL,M’BACKE,KAEL,"TOUBA MBOUL","LAGANE PEULH",4,4,40,25,65
DIOURBEL,M’BACKE,KAEL,"TOUBA MBOUL",MBOBENE,20,24,121,104,225
DIOURBEL,M’BACKE,KAEL,"TOUBA MBOUL","H1 KEUR BALLA MBOULE KA",4,7,34,31,65
DIOURBEL,M’BACKE,KAEL,"TOUBA MBOUL","H2 KEUR MOUSTAPHA WELLE",1,1,3,3,6
DIOURBEL,M’BACKE,KAEL,"TOUBA MBOUL","MBOUL KAEL",1,1,8,2,10
DIOURBEL,M’BACKE,KAEL,"TOUBA MBOUL","H1 MBOUL LAPPY",9,14,51,35,86
DIOURBEL,M’BACKE,KAEL,"TOUBA MBOUL","MERINA SARR",9,12,98,80,178
DIOURBEL,M’BACKE,KAEL,"TOUBA MBOUL","H1 KEUR MAMADOU DIALLO",4,8,15,10,25
DIOURBEL,M’BACKE,KAEL,"TOUBA MBOUL","H2 KEUR IBRA NGOM",7,13,27,16,43
DIOURBEL,M’BACKE,KAEL,"TOUBA MBOUL","H2 KEUR NGOR FAYE",5,11,66,75,141
DIOURBEL,M’BACKE,KAEL,"TOUBA MBOUL","NDIAWRE COUTA",14,21,103,108,211
DIOURBEL,M’BACKE,KAEL,"TOUBA MBOUL","NDOCKA OUOLOF 1",7,7,35,31,66
DIOURBEL,M’BACKE,KAEL,"TOUBA MBOUL","NDOCKA OUOLOF 2",25,34,196,209,405
DIOURBEL,M’BACKE,KAEL,"TOUBA MBOUL","NDOCKA PEULH",11,15,123,130,253
DIOURBEL,M’BACKE,KAEL,"TOUBA MBOUL","H1 NDAKH NDIAYE",2,5,34,25,59
DIOURBEL,M’BACKE,KAEL,"TOUBA MBOUL",NDOYENE,6,6,67,73,140
DIOURBEL,M’BACKE,KAEL,"TOUBA MBOUL",NOUKOUYEL,30,58,379,365,744
DIOURBEL,M’BACKE,KAEL,"TOUBA MBOUL","H1 KEUR SEYDOU DIONE",9,15,109,105,214
DIOURBEL,M’BACKE,KAEL,"TOUBA MBOUL","PATHIEM PEULH",13,14,127,89,216
DIOURBEL,M’BACKE,KAEL,"TOUBA MBOUL","H1 PATHIEM II (GAOUROU)",16,27,250,243,493
DIOURBEL,M’BACKE,KAEL,"TOUBA MBOUL","PATHIEM YEL",14,27,188,183,371
DIOURBEL,M’BACKE,KAEL,"TOUBA MBOUL","H3 KOUTOURFA",13,15,98,105,203
DIOURBEL,M’BACKE,KAEL,"TOUBA MBOUL","H4 KEUR MAMADOU SOW",3,3,13,10,23
DIOURBEL,M’BACKE,KAEL,"TOUBA MBOUL","SEO TOURE",15,25,136,120,256
DIOURBEL,M’BACKE,KAEL,"TOUBA MBOUL","H1 SEO SERERE",15,45,293,289,582
DIOURBEL,M’BACKE,KAEL,"TOUBA MBOUL","H2 KEUR DJIBY SENE",24,27,196,242,438
DIOURBEL,M’BACKE,KAEL,"TOUBA MBOUL","H4 DIOYE",1,4,21,17,38
DIOURBEL,M’BACKE,KAEL,"TOUBA MBOUL","TEOUROU KOSSAM (KEUR MBASSIROU NDIAYE)",5,19,93,83,176
DIOURBEL,M’BACKE,KAEL,"TOUBA MBOUL","H2 NDOURENE",7,10,65,57,122
DIOURBEL,M’BACKE,KAEL,"TOUBA MBOUL","TOUBA MBOUL",74,82,516,511,1027
DIOURBEL,M’BACKE,KAEL,"TOUBA MBOUL","H3 SADJI",4,5,47,43,90
DIOURBEL,M’BACKE,KAEL,"TOUBA MBOUL","H4 BARKEYEL",13,27,98,76,174
DIOURBEL,M’BACKE,KAEL,"TOUBA MBOUL","H6 KEUR ADIOUMA DIOUF",5,14,65,67,132
DIOURBEL,M’BACKE,KAEL,"TOUBA MBOUL","H7 KEUR ELHADJI TINE (TEOUROU MBACKE TINE)",10,15,85,64,149
DIOURBEL,M’BACKE,KAEL,"TOUBA MBOUL","H8 KEUR SERIGNE ALIOU NGOM",10,18,143,139,282
DIOURBEL,M’BACKE,KAEL,"TOUBA MBOUL","H9 KEUR SOUDOU FAYE",12,16,98,98,196
DIOURBEL,M’BACKE,KAEL,"TOUBA MBOUL","KEUR GOUAROU (MBOUL SERERE)",17,28,283,198,481
DIOURBEL,M’BACKE,KAEL,"DAROU NAHIM","DAROU MBACKE",11,13,89,59,148
DIOURBEL,M’BACKE,KAEL,"DAROU NAHIM","H1 DARADJI",1,2,37,17,54
DIOURBEL,M’BACKE,KAEL,"DAROU NAHIM","DAROU NAHIM",76,93,536,506,1042
DIOURBEL,M’BACKE,KAEL,"DAROU NAHIM","H1 BOUTIKI",4,5,45,22,67
DIOURBEL,M’BACKE,KAEL,"DAROU NAHIM","H2 MBELLA",3,3,20,15,35
DIOURBEL,M’BACKE,KAEL,"DAROU NAHIM","H3 DIAYLA SOW",1,1,6,2,8
DIOURBEL,M’BACKE,KAEL,"DAROU NAHIM","H4 LOUMENE",1,2,37,0,37
DIOURBEL,M’BACKE,KAEL,"DAROU NAHIM","GOWANE FAYE",15,18,112,80,192
DIOURBEL,M’BACKE,KAEL,"DAROU NAHIM","H1 KEUR MACOUMBA NGOM",3,4,28,24,52
DIOURBEL,M’BACKE,KAEL,"DAROU NAHIM","H4 KEUR SADY SOW",3,5,19,21,40
DIOURBEL,M’BACKE,KAEL,"DAROU NAHIM","KEUR MAFARY NDIAYE",4,5,24,17,41
DIOURBEL,M’BACKE,KAEL,"DAROU NAHIM","KEUR SIDATE",15,16,100,63,163
DIOURBEL,M’BACKE,KAEL,"DAROU NAHIM",LODOYE,3,5,31,42,73
DIOURBEL,M’BACKE,KAEL,"DAROU NAHIM",MBABARY,6,7,23,11,34
DIOURBEL,M’BACKE,KAEL,"DAROU NAHIM",NDIAYENE,1,1,6,6,12
DIOURBEL,M’BACKE,KAEL,"DAROU NAHIM",NDIOBENE,2,3,12,12,24
DIOURBEL,M’BACKE,KAEL,"DAROU NAHIM",NDIOL,10,16,88,78,166
DIOURBEL,M’BACKE,KAEL,"DAROU NAHIM","NDIOPAME PEULH",6,6,51,46,97
DIOURBEL,M’BACKE,KAEL,"DAROU NAHIM",NGASSAMA,1,1,4,4,8
DIOURBEL,M’BACKE,KAEL,"DAROU NAHIM",THIALAGA,2,2,19,3,22
DIOURBEL,M’BACKE,KAEL,"DAROU NAHIM",THIALLE,26,31,187,175,362
DIOURBEL,M’BACKE,KAEL,"DAROU NAHIM","H1 KEUR ARONA BA",1,1,5,4,9
DIOURBEL,M’BACKE,KAEL,"DAROU NAHIM","H2 NDIA",1,1,11,7,18
DIOURBEL,M’BACKE,KAEL,"DAROU NAHIM",THIECKENE,13,14,80,53,133
DIOURBEL,M’BACKE,KAEL,"DAROU NAHIM","TOUBA KANE (NDIOPANE WOLOF)",4,6,26,16,42
DIOURBEL,M’BACKE,KAEL,"DAROU NAHIM","H1 GOWANE PEULH (KEUR GORGUI)",6,7,35,28,63
DIOURBEL,M’BACKE,KAEL,"TAIBA THIEKENE",GORETTE,6,7,44,33,77
DIOURBEL,M’BACKE,KAEL,"TAIBA THIEKENE","LOUMBEUL SAYE SERERE",16,29,176,161,337
DIOURBEL,M’BACKE,KAEL,"TAIBA THIEKENE","H1 BOUBOUL",3,3,50,29,79
DIOURBEL,M’BACKE,KAEL,"TAIBA THIEKENE","LOUMBEUL SAYE WOLOF",9,21,194,146,340
DIOURBEL,M’BACKE,KAEL,"TAIBA THIEKENE","H1 GAWANE SERERE",9,10,92,62,154
DIOURBEL,M’BACKE,KAEL,"TAIBA THIEKENE","H2 KEUR DJIBANE POUYE",16,28,183,127,310
DIOURBEL,M’BACKE,KAEL,"TAIBA THIEKENE",NDIAMA,6,9,44,38,82
DIOURBEL,M’BACKE,KAEL,"TAIBA THIEKENE","TAIBA THIAREME",3,3,19,16,35
DIOURBEL,M’BACKE,KAEL,"TAIBA THIEKENE","TAIBA THIECKENE",28,27,153,127,280
DIOURBEL,M’BACKE,KAEL,"TAIBA THIEKENE","H1 TAIBA GOUYE",4,4,38,11,49
DIOURBEL,M’BACKE,KAEL,"TAIBA THIEKENE","H2 GAWANE NDIAMA",3,4,30,21,51
DIOURBEL,M’BACKE,KAEL,"TAIBA THIEKENE","H3 GOWANE PEULH",1,3,35,14,49
DIOURBEL,M’BACKE,KAEL,"TAIBA THIEKENE","H4 MBAPPE",2,5,39,30,69
DIOURBEL,M’BACKE,KAEL,"TAIBA THIEKENE","H5 MOURE",5,6,51,34,85
DIOURBEL,M’BACKE,KAEL,"TAIBA THIEKENE",TAINABE,7,12,90,68,158
DIOURBEL,M’BACKE,KAEL,"TAIBA THIEKENE","H1 DJIGOBE",7,7,41,51,92
DIOURBEL,M’BACKE,KAEL,"TAIBA THIEKENE","H2 KEUR IDY DIAKOU KA",1,3,21,18,39
DIOURBEL,M’BACKE,KAEL,"TAIBA THIEKENE","H3 KEUR MBEGANE NDOUR",7,9,51,35,86
DIOURBEL,M’BACKE,KAEL,"TAIBA THIEKENE","H4 NGUETTE",3,3,19,18,37
DIOURBEL,M’BACKE,KAEL,"TAIBA THIEKENE","TOUBA LOUMBEL (COUMBEL WOLOF)",5,5,33,23,56
DIOURBEL,M’BACKE,NDAME,"DALLA NGABOU","BAITY DIA",18,18,86,66,152
DIOURBEL,M’BACKE,NDAME,"DALLA NGABOU","BAITY MADIA GUEYE",1,1,2,2,4
DIOURBEL,M’BACKE,NDAME,"DALLA NGABOU","BAITY NDIAYE",2,2,6,5,11
DIOURBEL,M’BACKE,NDAME,"DALLA NGABOU","BAITY PALENE",6,8,30,33,63
DIOURBEL,M’BACKE,NDAME,"DALLA NGABOU",BANANE,4,4,23,24,47
DIOURBEL,M’BACKE,NDAME,"DALLA NGABOU","H1 BANANE TEUGUE",5,9,43,41,84
DIOURBEL,M’BACKE,NDAME,"DALLA NGABOU","H2 KEUR BIRAME DIOUF",3,4,26,21,47
DIOURBEL,M’BACKE,NDAME,"DALLA NGABOU","H3 KEUR LAT SARR",4,4,25,16,41
DIOURBEL,M’BACKE,NDAME,"DALLA NGABOU","H4 KEUR ALY KANE",3,5,31,44,75
DIOURBEL,M’BACKE,NDAME,"DALLA NGABOU","DAGA DIOUF 1",8,9,42,41,83
DIOURBEL,M’BACKE,NDAME,"DALLA NGABOU","DAGA DIOUF 2",16,20,132,126,258
DIOURBEL,M’BACKE,NDAME,"DALLA NGABOU","DALLA OUOLOF",6,7,47,38,85
DIOURBEL,M’BACKE,NDAME,"DALLA NGABOU","DALLA PEULH 1",73,77,426,366,792
DIOURBEL,M’BACKE,NDAME,"DALLA NGABOU","H1 DAGA NDIAYE",1,2,7,6,13
DIOURBEL,M’BACKE,NDAME,"DALLA NGABOU","H2 NDIAGNE",1,1,6,0,6
DIOURBEL,M’BACKE,NDAME,"DALLA NGABOU","DALLA PEULH 2",17,27,142,127,269
DIOURBEL,M’BACKE,NDAME,"DALLA NGABOU","DAROU KHAFFOR",56,65,373,396,769
DIOURBEL,M’BACKE,NDAME,"DALLA NGABOU","DAROU KHOUDOSS 3",2,2,6,6,12
DIOURBEL,M’BACKE,NDAME,"DALLA NGABOU","H1 KIPDALL",6,6,48,48,96
DIOURBEL,M’BACKE,NDAME,"DALLA NGABOU","DAROU MBACKE",35,43,195,204,399
DIOURBEL,M’BACKE,NDAME,"DALLA NGABOU",DIGANE,86,92,417,434,851
DIOURBEL,M’BACKE,NDAME,"DALLA NGABOU","DOUYE SANGOU",47,57,371,340,711
DIOURBEL,M’BACKE,NDAME,"DALLA NGABOU","FINTEL SERERE",18,41,245,269,514
DIOURBEL,M’BACKE,NDAME,"DALLA NGABOU","GOUYE NGUENE OUOLOF",25,29,181,171,352
DIOURBEL,M’BACKE,NDAME,"DALLA NGABOU","H1 DARAAY GOUYE NGUENE",12,12,85,68,153
DIOURBEL,M’BACKE,NDAME,"DALLA NGABOU","GOUYE NGUENE PEULH",16,17,135,139,274
DIOURBEL,M’BACKE,NDAME,"DALLA NGABOU","KHOUROU MBACKE",10,13,66,47,113
DIOURBEL,M’BACKE,NDAME,"DALLA NGABOU",LAH,11,13,85,61,146
DIOURBEL,M’BACKE,NDAME,"DALLA NGABOU",NDAKHAR,2,4,29,5,34
DIOURBEL,M’BACKE,NDAME,"DALLA NGABOU","NGABOU 1",52,54,314,265,579
DIOURBEL,M’BACKE,NDAME,"DALLA NGABOU","H1 KEUR SENGAR DIOUF",2,2,7,6,13
DIOURBEL,M’BACKE,NDAME,"DALLA NGABOU","H2 KHAYE NDIAYE",7,7,31,25,56
DIOURBEL,M’BACKE,NDAME,"DALLA NGABOU","NGABOU 2 (DAROU LO)",75,83,729,519,1248
DIOURBEL,M’BACKE,NDAME,"DALLA NGABOU","NGABOU 3",40,41,204,174,378
DIOURBEL,M’BACKE,NDAME,"DALLA NGABOU","NGABOU 4",86,92,821,337,1158
DIOURBEL,M’BACKE,NDAME,"DALLA NGABOU","NGABOU SANKHAYE",4,4,23,27,50
DIOURBEL,M’BACKE,NDAME,"DALLA NGABOU",SATTE,73,81,854,494,1348
DIOURBEL,M’BACKE,NDAME,"DALLA NGABOU",TAINABE,14,15,100,114,214
DIOURBEL,M’BACKE,NDAME,"DALLA NGABOU","TAWA FALL",22,24,157,120,277
DIOURBEL,M’BACKE,NDAME,"DALLA NGABOU","THIENTHIE 2",3,3,6,6,12
DIOURBEL,M’BACKE,NDAME,"DALLA NGABOU","THIENTHIE 3",10,10,45,35,80
DIOURBEL,M’BACKE,NDAME,"DALLA NGABOU","H1 KEUR MOR ASSE",4,12,51,44,95
DIOURBEL,M’BACKE,NDAME,"DALLA NGABOU","THIENTHIE 4",5,6,31,31,62
DIOURBEL,M’BACKE,NDAME,"DALLA NGABOU","THIEP DALLA",2,3,22,27,49
DIOURBEL,M’BACKE,NDAME,"DALLA NGABOU","THIEYE PEULH",5,5,28,21,49
DIOURBEL,M’BACKE,NDAME,"DALLA NGABOU",THIOMBE,22,27,204,212,416
DIOURBEL,M’BACKE,NDAME,"DALLA NGABOU","TOUBA DALLA",4,4,17,13,30
DIOURBEL,M’BACKE,NDAME,"DALLA NGABOU","NGUEYENE NDAME",4,4,29,12,41
DIOURBEL,M’BACKE,NDAME,MISSIRAH,"DIAMWELY 2",27,30,120,141,261
DIOURBEL,M’BACKE,NDAME,MISSIRAH,DIOREL,3,3,19,12,31
DIOURBEL,M’BACKE,NDAME,MISSIRAH,"GOLY NDIAYE",9,9,44,36,80
DIOURBEL,M’BACKE,NDAME,MISSIRAH,"KEUR MACOUMBA NDIONE",7,9,71,40,111
DIOURBEL,M’BACKE,NDAME,MISSIRAH,"H1 KEUR OGO KA",2,2,17,18,35
DIOURBEL,M’BACKE,NDAME,MISSIRAH,"H2 KEUR MBAYE DIAGNE",1,1,4,7,11
DIOURBEL,M’BACKE,NDAME,MISSIRAH,KHAMNANE,16,25,120,118,238
DIOURBEL,M’BACKE,NDAME,MISSIRAH,"H1 LOUMENE",18,22,143,119,262
DIOURBEL,M’BACKE,NDAME,MISSIRAH,"KHEWAR MISSIRAH",30,29,177,132,309
DIOURBEL,M’BACKE,NDAME,MISSIRAH,"H1 KEUR DEMBA GUEYE",4,6,40,36,76
DIOURBEL,M’BACKE,NDAME,MISSIRAH,"H2 THIARGHE ET KARLOL",15,18,138,152,290
DIOURBEL,M’BACKE,NDAME,MISSIRAH,"H3 KEUR NDIAGA GUEYE",15,16,138,147,285
DIOURBEL,M’BACKE,NDAME,MISSIRAH,"H4  BAKAR NDIAYE",1,2,16,13,29
DIOURBEL,M’BACKE,NDAME,MISSIRAH,"H5 KEUR SALIOU GUEYE",10,15,83,89,172
DIOURBEL,M’BACKE,NDAME,MISSIRAH,KOBA,3,6,33,19,52
DIOURBEL,M’BACKE,NDAME,MISSIRAH,LAOUNIANDE,7,13,108,114,222
DIOURBEL,M’BACKE,NDAME,MISSIRAH,"H1 KEUR NIOKHOR SENE",2,5,51,46,97
DIOURBEL,M’BACKE,NDAME,MISSIRAH,LOUGOUL,22,25,177,138,315
DIOURBEL,M’BACKE,NDAME,MISSIRAH,"H1 DAARA HAMDY KHADY FALL",2,2,37,8,45
DIOURBEL,M’BACKE,NDAME,MISSIRAH,"H2 KEUR ARONA BA",4,4,49,30,79
DIOURBEL,M’BACKE,NDAME,MISSIRAH,"H3 TAWFEKH",8,13,99,72,171
DIOURBEL,M’BACKE,NDAME,MISSIRAH,"H4 DAARA CHEIKH KHADY",3,4,48,27,75
DIOURBEL,M’BACKE,NDAME,MISSIRAH,"MBARANE DIENG",5,5,47,20,67
DIOURBEL,M’BACKE,NDAME,MISSIRAH,"MBARANE THIAM",11,13,134,74,208
DIOURBEL,M’BACKE,NDAME,MISSIRAH,"H1 THIARENE SARR",15,16,91,66,157
DIOURBEL,M’BACKE,NDAME,MISSIRAH,"MBAYENE MISSIRAH",22,26,125,99,224
DIOURBEL,M’BACKE,NDAME,MISSIRAH,MISSIRAH,146,160,1007,834,1841
DIOURBEL,M’BACKE,NDAME,MISSIRAH,"H1 KEUR OMAR KANDADE KA",5,5,31,26,57
DIOURBEL,M’BACKE,NDAME,MISSIRAH,"H2 THIOUMP",56,59,317,349,666
DIOURBEL,M’BACKE,NDAME,MISSIRAH,"H3 KEUR MANAR",1,1,7,6,13
DIOURBEL,M’BACKE,NDAME,MISSIRAH,"H4 BEYE OUOLOF ET BEYE PEULH",21,29,216,166,382
DIOURBEL,M’BACKE,NDAME,MISSIRAH,"NDAME LO",9,9,56,33,89
DIOURBEL,M’BACKE,NDAME,MISSIRAH,NDIOUMENE,11,18,78,97,175
DIOURBEL,M’BACKE,NDAME,MISSIRAH,TAIBA,2,3,22,18,40
DIOURBEL,M’BACKE,NDAME,MISSIRAH,THIASKY,13,15,66,72,138
DIOURBEL,M’BACKE,NDAME,MISSIRAH,"H1 KEUR GANE",6,11,97,69,166
DIOURBEL,M’BACKE,NDAME,MISSIRAH,"H2 SAMBE",15,24,158,138,296
DIOURBEL,M’BACKE,NDAME,MISSIRAH,"H4 NDIOUFENE",1,4,15,15,30
DIOURBEL,M’BACKE,NDAME,MISSIRAH,"THYSSE 2",7,8,51,17,68
DIOURBEL,M’BACKE,NDAME,MISSIRAH,"YASSY MISSIRAH",42,43,262,291,553
DIOURBEL,M’BACKE,NDAME,NGHAYE,BELELE,9,12,73,81,154
DIOURBEL,M’BACKE,NDAME,NGHAYE,"H1 KEUR ELHADJ KA",5,5,29,37,66
DIOURBEL,M’BACKE,NDAME,NGHAYE,"H2 KEUR OUMAR FALL",3,5,39,46,85
DIOURBEL,M’BACKE,NDAME,NGHAYE,"DAROU KHOUDOSS 2",3,3,22,9,31
DIOURBEL,M’BACKE,NDAME,NGHAYE,"H1 NDIOKANE",6,6,41,42,83
DIOURBEL,M’BACKE,NDAME,NGHAYE,"H2 TEWROU",11,16,90,80,170
DIOURBEL,M’BACKE,NDAME,NGHAYE,"H3 YAWARA",2,2,17,13,30
DIOURBEL,M’BACKE,NDAME,NGHAYE,"DAROU NDIAYE",7,8,50,32,82
DIOURBEL,M’BACKE,NDAME,NGHAYE,GANDIOLE,41,53,196,237,433
DIOURBEL,M’BACKE,NDAME,NGHAYE,"GROTTE 2",12,14,111,104,215
DIOURBEL,M’BACKE,NDAME,NGHAYE,"GUEDJIALY 1",4,4,42,38,80
DIOURBEL,M’BACKE,NDAME,NGHAYE,"H1 KEURY SOUF",7,14,79,69,148
DIOURBEL,M’BACKE,NDAME,NGHAYE,"GUEDJIALY 2",31,48,303,263,566
DIOURBEL,M’BACKE,NDAME,NGHAYE,"KEUR SAMBA NDIAYE NIANG",4,6,57,37,94
DIOURBEL,M’BACKE,NDAME,NGHAYE,MBARENE,6,6,18,30,48
DIOURBEL,M’BACKE,NDAME,NGHAYE,"H1 BABOU",3,3,13,7,20
DIOURBEL,M’BACKE,NDAME,NGHAYE,MBILLY,13,19,180,135,315
DIOURBEL,M’BACKE,NDAME,NGHAYE,MBOUCKY,13,13,101,79,180
DIOURBEL,M’BACKE,NDAME,NGHAYE,NDEUNEUKH,3,6,46,24,70
DIOURBEL,M’BACKE,NDAME,NGHAYE,"H1 NIANKHENE",6,6,38,30,68
DIOURBEL,M’BACKE,NDAME,NGHAYE,"NDIA GUEMB",8,8,43,35,78
DIOURBEL,M’BACKE,NDAME,NGHAYE,"H1 NDIA KEUR MADIEYE",6,6,31,50,81
DIOURBEL,M’BACKE,NDAME,NGHAYE,"H2 NDIOBENE NDIMB",7,7,37,24,61
DIOURBEL,M’BACKE,NDAME,NGHAYE,NDIATHIAKHO,4,4,54,35,89
DIOURBEL,M’BACKE,NDAME,NGHAYE,NGHAYE,31,34,201,215,416
DIOURBEL,M’BACKE,NDAME,NGHAYE,"H1 DAROU NDIAYE",13,16,78,69,147
DIOURBEL,M’BACKE,NDAME,NGHAYE,"H2 KEUR LATYR FAYE",3,6,29,32,61
DIOURBEL,M’BACKE,NDAME,NGHAYE,NGONGO,11,27,209,205,414
DIOURBEL,M’BACKE,NDAME,NGHAYE,"H1 GAISSIR",6,8,74,43,117
DIOURBEL,M’BACKE,NDAME,NGHAYE,NGUEYENE,7,7,23,27,50
DIOURBEL,M’BACKE,NDAME,NGHAYE,NIAKHENE,5,7,45,4,49
DIOURBEL,M’BACKE,NDAME,NGHAYE,THIANGHA,2,5,27,21,48
DIOURBEL,M’BACKE,NDAME,NGHAYE,"THIENTHIE 1",17,22,119,129,248
DIOURBEL,M’BACKE,NDAME,NGHAYE,"H1 KEUR GALLO",2,3,20,21,41
DIOURBEL,M’BACKE,NDAME,NGHAYE,YASSY,59,65,417,392,809
DIOURBEL,M’BACKE,NDAME,NGHAYE,YERI,74,94,560,541,1101
DIOURBEL,M’BACKE,NDAME,NGHAYE,"H1 MBALKHASSE",4,4,18,11,29
DIOURBEL,M’BACKE,NDAME,"TOUBA FALL","BAITY DIMB",13,13,80,45,125
DIOURBEL,M’BACKE,NDAME,"TOUBA FALL","BAYE NDIAYE",8,9,92,57,149
DIOURBEL,M’BACKE,NDAME,"TOUBA FALL","DAROU RAHIM 1",10,13,84,64,148
DIOURBEL,M’BACKE,NDAME,"TOUBA FALL","DAROU RAHIM 2",14,18,161,117,278
DIOURBEL,M’BACKE,NDAME,"TOUBA FALL","DAROU RAHMANE",9,12,96,72,168
DIOURBEL,M’BACKE,NDAME,"TOUBA FALL","H1 KEUR SAGAR KA",5,5,57,19,76
DIOURBEL,M’BACKE,NDAME,"TOUBA FALL","DIAMWELY 1",4,5,39,27,66
DIOURBEL,M’BACKE,NDAME,"TOUBA FALL","H1 KIRE",26,30,122,100,222
DIOURBEL,M’BACKE,NDAME,"TOUBA FALL","H2 SOUYTA",6,7,51,33,84
DIOURBEL,M’BACKE,NDAME,"TOUBA FALL","GORETTE 1",18,31,222,141,363
DIOURBEL,M’BACKE,NDAME,"TOUBA FALL","GUEBE 1",24,26,191,140,331
DIOURBEL,M’BACKE,NDAME,"TOUBA FALL","GUEBE 2",13,13,101,63,164
DIOURBEL,M’BACKE,NDAME,"TOUBA FALL","H1 BARIKEL",21,28,200,123,323
DIOURBEL,M’BACKE,NDAME,"TOUBA FALL","GUELE 2",9,12,113,68,181
DIOURBEL,M’BACKE,NDAME,"TOUBA FALL","GUELE TENE",149,153,584,477,1061
DIOURBEL,M’BACKE,NDAME,"TOUBA FALL",KAWSARA,46,51,282,250,532
DIOURBEL,M’BACKE,NDAME,"TOUBA FALL","H1 KEUR SOUDOU DIAGNE (KAWSARA SERERE)",6,18,88,83,171
DIOURBEL,M’BACKE,NDAME,"TOUBA FALL","H2 KEUR MALICK FAYE",2,3,17,16,33
DIOURBEL,M’BACKE,NDAME,"TOUBA FALL","H3 DABAYE ET NGUEMBE",8,10,40,44,84
DIOURBEL,M’BACKE,NDAME,"TOUBA FALL","KEUR MATAR BA",6,7,62,34,96
DIOURBEL,M’BACKE,NDAME,"TOUBA FALL",KOLONABE,11,19,81,98,179
DIOURBEL,M’BACKE,NDAME,"TOUBA FALL","MBAME PEULH 1",20,33,212,187,399
DIOURBEL,M’BACKE,NDAME,"TOUBA FALL","MBAME PEULH 2",19,27,254,164,418
DIOURBEL,M’BACKE,NDAME,"TOUBA FALL","MEDINA TOURE",37,41,244,227,471
DIOURBEL,M’BACKE,NDAME,"TOUBA FALL","H1 NDIEYENE WODIA",2,2,18,15,33
DIOURBEL,M’BACKE,NDAME,"TOUBA FALL",OUROUR,8,13,91,61,152
DIOURBEL,M’BACKE,NDAME,"TOUBA FALL","SAM SAM",17,18,260,146,406
DIOURBEL,M’BACKE,NDAME,"TOUBA FALL","TAWA FALL",68,78,412,382,794
DIOURBEL,M’BACKE,NDAME,"TOUBA FALL","TOUBA FALL 1",40,40,170,170,340
DIOURBEL,M’BACKE,NDAME,"TOUBA FALL","TOUBA FALL 2",29,34,197,226,423
DIOURBEL,M’BACKE,NDAME,"TOUBA FALL","H2 BELEL",4,4,20,17,37
DIOURBEL,M’BACKE,NDAME,"TOUBA FALL","H3 KEUR ADAMA SAMB ET KEUR MAME NDIAYE",8,8,55,27,82
DIOURBEL,M’BACKE,NDAME,"TOUBA FALL","TOUBA NDIAWADY",291,305,1179,1095,2274
DIOURBEL,M’BACKE,NDAME,"TOUBA FALL",YOLLY,43,58,447,390,837
DIOURBEL,M’BACKE,NDAME,"TOUBA MOSQUEE",AFFE,55,57,749,291,1040
DIOURBEL,M’BACKE,NDAME,"TOUBA MOSQUEE","H1 AFFE SANTHIE (AFFE KHOUR)",28,29,157,179,336
DIOURBEL,M’BACKE,NDAME,"TOUBA MOSQUEE",ALIA,1385,1436,7350,6667,14017
DIOURBEL,M’BACKE,NDAME,"TOUBA MOSQUEE","TOUBA BAGDAD",306,417,1405,1433,2838
DIOURBEL,M’BACKE,NDAME,"TOUBA MOSQUEE",BACOURA,15,16,85,73,158
DIOURBEL,M’BACKE,NDAME,"TOUBA MOSQUEE","H1 RIP GAYE",10,13,85,82,167
DIOURBEL,M’BACKE,NDAME,"TOUBA MOSQUEE","H2 GOUYE MBAME",70,82,470,434,904
DIOURBEL,M’BACKE,NDAME,"TOUBA MOSQUEE","H4 KODIDE",12,14,186,49,235
DIOURBEL,M’BACKE,NDAME,"TOUBA MOSQUEE","BANGATHIE 1",9,14,82,87,169
DIOURBEL,M’BACKE,NDAME,"TOUBA MOSQUEE","BANGATHIE 2",11,13,114,64,178
DIOURBEL,M’BACKE,NDAME,"TOUBA MOSQUEE",MBAPE,2,3,11,16,27
DIOURBEL,M’BACKE,NDAME,"TOUBA MOSQUEE","BELEL NAYE",42,50,278,220,498
DIOURBEL,M’BACKE,NDAME,"TOUBA MOSQUEE","BODE 1",4,4,16,14,30
DIOURBEL,M’BACKE,NDAME,"TOUBA MOSQUEE","H1 KEUR SOULEYE BA",3,3,20,18,38
DIOURBEL,M’BACKE,NDAME,"TOUBA MOSQUEE","BODE 2 (KELEL DIENG)",21,67,129,90,219
DIOURBEL,M’BACKE,NDAME,"TOUBA MOSQUEE","H1 KELEL PEULH",5,29,53,45,98
DIOURBEL,M’BACKE,NDAME,"TOUBA MOSQUEE","BOFFEL TOUBA OIL",220,231,1354,1061,2415
DIOURBEL,M’BACKE,NDAME,"TOUBA MOSQUEE","BOUKHATOUL MOUBARACK",10181,11857,51270,50880,102150
DIOURBEL,M’BACKE,NDAME,"TOUBA MOSQUEE","BOUSTANOUL ARIFINA",410,424,2143,2651,4794
DIOURBEL,M’BACKE,NDAME,"TOUBA MOSQUEE","DAROU KARIM",1096,1118,4497,4310,8807
DIOURBEL,M’BACKE,NDAME,"TOUBA MOSQUEE","DAROU KHADIM",908,931,4450,3387,7837
DIOURBEL,M’BACKE,NDAME,"TOUBA MOSQUEE","DAROU KHALIMOUL KHABIR",1506,1646,8065,8869,16934
DIOURBEL,M’BACKE,NDAME,"TOUBA MOSQUEE","DAROU KHOUDOSS",10428,11026,60992,68746,129738
DIOURBEL,M’BACKE,NDAME,"TOUBA MOSQUEE","H1 BALLA NDIAYE",2,2,16,10,26
DIOURBEL,M’BACKE,NDAME,"TOUBA MOSQUEE","DAROU MARNANE",5652,6090,32211,35298,67509
DIOURBEL,M’BACKE,NDAME,"TOUBA MOSQUEE","DAROU MINAM",4372,4662,24850,28109,52959
DIOURBEL,M’BACKE,NDAME,"TOUBA MOSQUEE","DAROU NAHIM",373,383,1663,1989,3652
DIOURBEL,M’BACKE,NDAME,"TOUBA MOSQUEE","DAROU RAHMANE",157,165,941,1037,1978
DIOURBEL,M’BACKE,NDAME,"TOUBA MOSQUEE","H1 KEUR SERIGNE HABIB",7,7,63,15,78
DIOURBEL,M’BACKE,NDAME,"TOUBA MOSQUEE","DAROU RAHMANE (SANTHIE)",217,229,1248,1183,2431
DIOURBEL,M’BACKE,NDAME,"TOUBA MOSQUEE","DAROU RAHMANE 1",359,363,2020,1993,4013
DIOURBEL,M’BACKE,NDAME,"TOUBA MOSQUEE","DAROU SALAM NDAME",317,359,1832,1823,3655
DIOURBEL,M’BACKE,NDAME,"TOUBA MOSQUEE",DIAKHAYE,729,744,3776,3655,7431
DIOURBEL,M’BACKE,NDAME,"TOUBA MOSQUEE",DIALAKHAR,14,15,97,65,162
DIOURBEL,M’BACKE,NDAME,"TOUBA MOSQUEE","H1 MBAYENE",13,15,82,69,151
DIOURBEL,M’BACKE,NDAME,"TOUBA MOSQUEE","H2 DAROU DIOP",11,11,38,29,67
DIOURBEL,M’BACKE,NDAME,"TOUBA MOSQUEE","H3 DEMBA WOUNTOU",3,4,23,20,43
DIOURBEL,M’BACKE,NDAME,"TOUBA MOSQUEE","DIANATOUL MAHWA",2464,2791,12675,12881,25556
DIOURBEL,M’BACKE,NDAME,"TOUBA MOSQUEE","GOUYE MBIND",1978,2121,10696,11753,22449
DIOURBEL,M’BACKE,NDAME,"TOUBA MOSQUEE","GOUYE NABE",12,14,82,58,140
DIOURBEL,M’BACKE,NDAME,"TOUBA MOSQUEE","GUEDE BOUSSO",5714,6014,29309,31495,60804
DIOURBEL,M’BACKE,NDAME,"TOUBA MOSQUEE","H1 LAMBY GADIO",13,34,107,77,184
DIOURBEL,M’BACKE,NDAME,"TOUBA MOSQUEE","H2 NDAR KHAKHAME",116,117,409,397,806
DIOURBEL,M’BACKE,NDAME,"TOUBA MOSQUEE","KANKA (DEUK BOU REY)",51,56,327,331,658
DIOURBEL,M’BACKE,NDAME,"TOUBA MOSQUEE","KELELE DIOP (KELELE OUOLOF)",54,68,393,344,737
DIOURBEL,M’BACKE,NDAME,"TOUBA MOSQUEE","H1 KEUR HOGGO SOW",10,70,128,113,241
DIOURBEL,M’BACKE,NDAME,"TOUBA MOSQUEE","H2 NAIDE",7,10,54,51,105
DIOURBEL,M’BACKE,NDAME,"TOUBA MOSQUEE","KERE MBAYE",282,600,1331,1150,2481
DIOURBEL,M’BACKE,NDAME,"TOUBA MOSQUEE","H1 MACOUMBA DIABY",8,9,49,46,95
DIOURBEL,M’BACKE,NDAME,"TOUBA MOSQUEE","H2 POFDY PEULH",14,24,122,138,260
DIOURBEL,M’BACKE,NDAME,"TOUBA MOSQUEE","H3 TOUBA DIADEL",48,49,162,159,321
DIOURBEL,M’BACKE,NDAME,"TOUBA MOSQUEE","KERE NDIAGA NDAO",31,34,260,189,449
DIOURBEL,M’BACKE,NDAME,"TOUBA MOSQUEE","H2 THYSSE",4,4,30,34,64
DIOURBEL,M’BACKE,NDAME,"TOUBA MOSQUEE","KEUR MACOUMBA KEBE (KEUR KABE)",283,559,1515,1175,2690
DIOURBEL,M’BACKE,NDAME,"TOUBA MOSQUEE","KEUR NIANG",2034,2235,12466,13741,26207
DIOURBEL,M’BACKE,NDAME,"TOUBA MOSQUEE","KEUR NIANG EXTENSION",137,139,844,828,1672
DIOURBEL,M’BACKE,NDAME,"TOUBA MOSQUEE",KHAIRA,3339,3565,18377,20640,39017
DIOURBEL,M’BACKE,NDAME,"TOUBA MOSQUEE","TOUBA MADIYANA",3694,4148,22319,23472,45791
DIOURBEL,M’BACKE,NDAME,"TOUBA MOSQUEE","MAYE LANDANG",33,38,240,290,530
DIOURBEL,M’BACKE,NDAME,"TOUBA MOSQUEE","H1 BOWEL",12,15,109,123,232
DIOURBEL,M’BACKE,NDAME,"TOUBA MOSQUEE","H2 THIERERE",2,4,25,28,53
DIOURBEL,M’BACKE,NDAME,"TOUBA MOSQUEE","MERINA DIOP (MBOULOUGNE)",328,331,1694,1502,3196
DIOURBEL,M’BACKE,NDAME,"TOUBA MOSQUEE","MBOUSSOBE (DIANATOU FIRDAWSHI)",599,613,2495,2557,5052
DIOURBEL,M’BACKE,NDAME,"TOUBA MOSQUEE","MERI LAH",9,15,115,103,218
DIOURBEL,M’BACKE,NDAME,"TOUBA MOSQUEE","H1 KEUR MAMADOU GORY KA",5,7,52,26,78
DIOURBEL,M’BACKE,NDAME,"TOUBA MOSQUEE",NAIDE,41,58,315,215,530
DIOURBEL,M’BACKE,NDAME,"TOUBA MOSQUEE","H1 KEUR BIRAME",21,32,196,182,378
DIOURBEL,M’BACKE,NDAME,"TOUBA MOSQUEE",NDIAYENE,19,19,132,115,247
DIOURBEL,M’BACKE,NDAME,"TOUBA MOSQUEE",NDILIKY,70,77,437,373,810
DIOURBEL,M’BACKE,NDAME,"TOUBA MOSQUEE","NDINDY ABDOU",4549,4840,22325,21820,44145
DIOURBEL,M’BACKE,NDAME,"TOUBA MOSQUEE",NDIOGOP,12,18,90,70,160
DIOURBEL,M’BACKE,NDAME,"TOUBA MOSQUEE",NGASSAMA,53,54,346,365,711
DIOURBEL,M’BACKE,NDAME,"TOUBA MOSQUEE",GUELODE,104,112,726,557,1283
DIOURBEL,M’BACKE,NDAME,"TOUBA MOSQUEE","POFDY WOLOF",33,36,217,242,459
DIOURBEL,M’BACKE,NDAME,"TOUBA MOSQUEE","H1 KEUR SAMBA YOUMBEL BA",7,13,90,84,174
DIOURBEL,M’BACKE,NDAME,"TOUBA MOSQUEE","SAME LAH",2149,2235,11889,12323,24212
DIOURBEL,M’BACKE,NDAME,"TOUBA MOSQUEE",SOLBOCK,605,705,2884,2999,5883
DIOURBEL,M’BACKE,NDAME,"TOUBA MOSQUEE","SOURANG PEULH",33,42,232,232,464
DIOURBEL,M’BACKE,NDAME,"TOUBA MOSQUEE","H1 DJEMBERE",49,61,340,274,614
DIOURBEL,M’BACKE,NDAME,"TOUBA MOSQUEE","H2 YAMANE ET KOUTHIOUTHIE",21,24,221,60,281
DIOURBEL,M’BACKE,NDAME,"TOUBA MOSQUEE","H3 BOUBRE",5,13,107,101,208
DIOURBEL,M’BACKE,NDAME,"TOUBA MOSQUEE","H4 KEUR MANDIAYE DE NDINDY ABDOU",1,1,13,8,21
DIOURBEL,M’BACKE,NDAME,"TOUBA MOSQUEE","H5 SOURANG NDIAYENE",8,12,55,53,108
DIOURBEL,M’BACKE,NDAME,"TOUBA MOSQUEE","TAW FEKH BOUSSO",413,422,1259,968,2227
DIOURBEL,M’BACKE,NDAME,"TOUBA MOSQUEE","H1 NAIGUEDE",8,9,17,29,46
DIOURBEL,M’BACKE,NDAME,"TOUBA MOSQUEE","H2 BODE PEULH",3,6,13,18,31
DIOURBEL,M’BACKE,NDAME,"TOUBA MOSQUEE",TAWFEKH,1065,1090,5399,5113,10512
DIOURBEL,M’BACKE,NDAME,"TOUBA MOSQUEE",THIAWENE,1524,2073,7466,7421,14887
DIOURBEL,M’BACKE,NDAME,"TOUBA MOSQUEE","THIAWENE NDICKOU",318,328,1342,1336,2678
DIOURBEL,M’BACKE,NDAME,"TOUBA MOSQUEE","H1 DAROU KA",107,108,432,398,830
DIOURBEL,M’BACKE,NDAME,"TOUBA MOSQUEE",THYLLENE,5,11,70,50,120
DIOURBEL,M’BACKE,NDAME,"TOUBA MOSQUEE","THYSSE 1",5,5,47,16,63
DIOURBEL,M’BACKE,NDAME,"TOUBA MOSQUEE",TINDODY,1685,1736,7529,7430,14959
DIOURBEL,M’BACKE,NDAME,"TOUBA MOSQUEE","H2 KEUR AMADOU NDENE SOW",2,4,19,14,33
DIOURBEL,M’BACKE,NDAME,"TOUBA MOSQUEE","H3 BALLA FALL",42,46,115,125,240
DIOURBEL,M’BACKE,NDAME,"TOUBA MOSQUEE","H4 DIALAL",193,297,622,527,1149
DIOURBEL,M’BACKE,NDAME,"TOUBA MOSQUEE","H5 MEDINATOUL ABRARY",73,75,212,227,439
DIOURBEL,M’BACKE,NDAME,"TOUBA MOSQUEE","H6 POLLE",7,15,67,40,107
DIOURBEL,M’BACKE,NDAME,"TOUBA MOSQUEE","TOUBA AL AZAR",5179,5369,27183,27037,54220
DIOURBEL,M’BACKE,NDAME,"TOUBA MOSQUEE","TOUBA BOBOREL",1246,1278,5068,4726,9794
DIOURBEL,M’BACKE,NDAME,"TOUBA MOSQUEE","TOUBA FALL DIANATOUL",642,988,3127,2742,5869
DIOURBEL,M’BACKE,NDAME,"TOUBA MOSQUEE","H1 TOUBA FALL KHAR YALLA",137,141,542,497,1039
DIOURBEL,M’BACKE,NDAME,"TOUBA MOSQUEE","TOUBA GUEDE",863,931,4789,6019,10808
DIOURBEL,M’BACKE,NDAME,"TOUBA MOSQUEE","TOUBA HLM",3186,4035,17928,18426,36354
DIOURBEL,M’BACKE,NDAME,"TOUBA MOSQUEE","TOUBA MOSQUEE",11687,12369,69700,70909,140609
DIOURBEL,M’BACKE,NDAME,"TOUBA MOSQUEE","TOUBA NDIAREME",4155,4338,21489,21815,43304
DIOURBEL,M’BACKE,NDAME,"TOUBA MOSQUEE","TOUBA YAGNE",112,125,653,575,1228
DIOURBEL,M’BACKE,NDAME,"TOUBA MOSQUEE","WOURO DIOFFO",19,24,156,98,254
DIOURBEL,M’BACKE,NDAME,"TOUBA MOSQUEE","THIAWENE SANTHIE ET DAROU SOW",636,656,2778,2564,5342
DIOURBEL,M’BACKE,NDAME,"TOUBA MOSQUEE","TOUBA BELEL",145,160,1071,868,1939
DIOURBEL,M’BACKE,NDAME,"TOUBA MOSQUEE","H1 THIONGUENE",17,45,85,78,163
DIOURBEL,M’BACKE,NDAME,"TOUBA MOSQUEE","TOUBA TAWFEKH ROUTE DE DAROU",394,859,1565,1459,3024
DIOURBEL,M’BACKE,TAIF,SADIO,BADJI,38,47,265,284,549
DIOURBEL,M’BACKE,TAIF,SADIO,"H1 BOWDO TATY (BADJI SERERE)",10,13,104,82,186
DIOURBEL,M’BACKE,TAIF,SADIO,"H2 NGANTOUR (BADJI PEULH )",9,11,68,60,128
DIOURBEL,M’BACKE,TAIF,SADIO,"H3 TOUPA",12,19,77,80,157
DIOURBEL,M’BACKE,TAIF,SADIO,"BANANE NDIOLOFENE",41,46,189,221,410
DIOURBEL,M’BACKE,TAIF,SADIO,"BANANE WAGADOU",74,82,419,406,825
DIOURBEL,M’BACKE,TAIF,SADIO,BOUSRA,10,12,160,98,258
DIOURBEL,M’BACKE,TAIF,SADIO,"DIABY 1",5,9,35,42,77
DIOURBEL,M’BACKE,TAIF,SADIO,"H1 LOULDE",19,23,134,117,251
DIOURBEL,M’BACKE,TAIF,SADIO,"DIABY 2",7,8,38,28,66
DIOURBEL,M’BACKE,TAIF,SADIO,"DIABY 3",5,5,38,38,76
DIOURBEL,M’BACKE,TAIF,SADIO,"DIABY KEUR SERIGNE BARA (DIABY WOLOF)",8,12,128,96,224
DIOURBEL,M’BACKE,TAIF,SADIO,"H1 NGASSAMA",10,14,78,73,151
DIOURBEL,M’BACKE,TAIF,SADIO,"H2 KEUR MBAYE BANA ET DIABY KEUR CHEIKH SAMBA THIAM",10,10,81,72,153
DIOURBEL,M’BACKE,TAIF,SADIO,DIOUFENE,25,28,112,146,258
DIOURBEL,M’BACKE,TAIF,SADIO,"GAINA KEUR TAMSIR",105,122,522,593,1115
DIOURBEL,M’BACKE,TAIF,SADIO,"GUERLE PEULH",30,32,143,146,289
DIOURBEL,M’BACKE,TAIF,SADIO,"GUERLE WOLOF",68,73,577,496,1073
DIOURBEL,M’BACKE,TAIF,SADIO,KAMBEL,66,86,411,651,1062
DIOURBEL,M’BACKE,TAIF,SADIO,"H1 MBEUP",14,27,170,116,286
DIOURBEL,M’BACKE,TAIF,SADIO,"MEDINA BOURLE",22,27,223,150,373
DIOURBEL,M’BACKE,TAIF,SADIO,"H1 BIDE",2,3,25,37,62
DIOURBEL,M’BACKE,TAIF,SADIO,"NGARAF (KEUR OUMAR GUEYE)",91,104,564,578,1142
DIOURBEL,M’BACKE,TAIF,SADIO,"NGARAF MBAYENE",37,63,451,404,855
DIOURBEL,M’BACKE,TAIF,SADIO,"SADIO ESCALE",228,254,1574,1781,3355
DIOURBEL,M’BACKE,TAIF,SADIO,"SADIO MBAYARD (THIODORDE)",105,140,1116,927,2043
DIOURBEL,M’BACKE,TAIF,SADIO,"SADIO NDIAKHAYE",177,201,1120,1279,2399
DIOURBEL,M’BACKE,TAIF,SADIO,"SADIO NDOMENE",99,126,790,743,1533
DIOURBEL,M’BACKE,TAIF,SADIO,"SADIO NDONDOL",64,88,648,544,1192
DIOURBEL,M’BACKE,TAIF,SADIO,"SADIO PALENE",72,83,553,444,997
DIOURBEL,M’BACKE,TAIF,SADIO,"SADIO THIAKHO",71,85,388,560,948
DIOURBEL,M’BACKE,TAIF,SADIO,"SADIO TOBENE",103,126,750,713,1463
DIOURBEL,M’BACKE,TAIF,SADIO,"TALL TALL",15,17,110,129,239
DIOURBEL,M’BACKE,TAIF,SADIO,"H1 POUMANENE",6,7,60,57,117
DIOURBEL,M’BACKE,TAIF,SADIO,"H2 DAGA TALL TALL",11,14,75,57,132
DIOURBEL,M’BACKE,TAIF,TAIF,BAILA,114,130,602,744,1346
DIOURBEL,M’BACKE,TAIF,TAIF,"H1 DIAMAGUENE",2,2,23,0,23
DIOURBEL,M’BACKE,TAIF,TAIF,BOMBALY,39,41,247,233,480
DIOURBEL,M’BACKE,TAIF,TAIF,"H2 DIOR BANGO",17,17,101,97,198
DIOURBEL,M’BACKE,TAIF,TAIF,"H3 DARAYE MOUSTAPHA ABDOU KHADRE MBACKE",2,2,108,0,108
DIOURBEL,M’BACKE,TAIF,TAIF,"BOULERI NDIOLOFENE (KEUR BAMARY NDIOLOFENE)",63,70,293,389,682
DIOURBEL,M’BACKE,TAIF,TAIF,"BOULERI PEULH",11,20,112,102,214
DIOURBEL,M’BACKE,TAIF,TAIF,"H1 NDEGUE",13,18,128,90,218
DIOURBEL,M’BACKE,TAIF,TAIF,"DANKY (DAROU ISLAM)",43,44,242,218,460
DIOURBEL,M’BACKE,TAIF,TAIF,"H1 NDIARIGNE NDIOFO",3,3,34,30,64
DIOURBEL,M’BACKE,TAIF,TAIF,"H2 NARGA",9,11,60,57,117
DIOURBEL,M’BACKE,TAIF,TAIF,"DAROU MINAM TAIF (DAROU MINAM MBACKE)",14,16,177,86,263
DIOURBEL,M’BACKE,TAIF,TAIF,"H1 DAARA SERIGNE MODOU MBACKE",4,4,13,16,29
DIOURBEL,M’BACKE,TAIF,TAIF,"DAROU SALAM NGHAYE (MINAM SARR)",29,33,231,156,387
DIOURBEL,M’BACKE,TAIF,TAIF,"DIGUIGNE (MBAYENE)",18,21,129,94,223
DIOURBEL,M’BACKE,TAIF,TAIF,"H1 DIGUIGNE PEULH",4,6,22,22,44
DIOURBEL,M’BACKE,TAIF,TAIF,"DIGUIGNE SERERE",32,41,257,225,482
DIOURBEL,M’BACKE,TAIF,TAIF,SANDATOU,26,27,146,132,278
DIOURBEL,M’BACKE,TAIF,TAIF,"H1 KEUR BOYDO KA",3,3,17,12,29
DIOURBEL,M’BACKE,TAIF,TAIF,TAIF,650,731,3973,4615,8588
DIOURBEL,M’BACKE,TAIF,TAIF,"H1 MAKA SARR",22,27,147,150,297
DIOURBEL,M’BACKE,TAIF,TAIF,"H3 DAARA KHADIM MBACKE",3,3,16,0,16
DIOURBEL,M’BACKE,TAIF,TAIF,"H4 IRADA",8,9,55,41,96
DIOURBEL,M’BACKE,TAIF,TAIF,"H5 DAROU BAILA",18,18,137,111,248
DIOURBEL,M’BACKE,TAIF,TAIF,"H6 GOUYE NAROU",12,18,75,72,147
DIOURBEL,M’BACKE,TAIF,TAIF,"H7 BAWDO TATI (TOUBA TAIF SERERE)",30,37,266,234,500
DIOURBEL,M’BACKE,TAIF,TAIF,"H8 GOUDOUGUEL",15,24,92,90,182
DIOURBEL,M’BACKE,TAIF,TAIF,"H9 NABA",9,11,72,74,146
DIOURBEL,M’BACKE,TAIF,TAIF,TANE,22,27,222,195,417
DIOURBEL,M’BACKE,TAIF,TAIF,"H1 BELELE SENE",4,6,31,27,58
DIOURBEL,M’BACKE,TAIF,TAIF,"TOUBA NABA (THISSE)",32,41,266,214,480
DIOURBEL,M’BACKE,TAIF,TAIF,"TOUBA NGHAYE (DAROU NDIAYE)",39,40,266,201,467
DIOURBEL,M’BACKE,TAIF,TAIF,"H1 PEULGHA",4,5,38,19,57
DIOURBEL,M’BACKE,TAIF,TAIF,"H2 DAROU NDIAYE KEUR SERIGNE BATHI",17,19,161,129,290
DIOURBEL,M’BACKE,TAIF,TAIF,WOUGA,38,61,304,295,599